Name,Team,Before_AllStarWeek,Cum_rank_prev,SG_count,PF_count,PG_count,C_count,SF_count,Cum_MP_prev,Cum_FG_prev,Cum_FGA_prev,Cum_3P_prev,Cum_3PA_prev,Cum_FT_prev,Cum_FTA_prev,Cum_ORB_prev,Cum_DRB_prev,Cum_TRB_prev,Cum_AST_prev,Cum_STL_prev,Cum_BLK_prev,Cum_TOV_prev,Cum_PF_prev,Cum_PTS_prev,WEIGHT,EXPERIENCE_Yrs,Age,POS,HEIGHT,pred_rank
James Harden,Hou,0,16.9550524876777,4,5,1,8,3,1386.48,377,881,171,480,352,412,42,190,232,285,66,33,175,121,1277,220,12,32.558904109589,SG,6-5,12.8280840684349
Bam Adebayo,Mia,0,14.1967953155424,4,6,4,4,3,1571.48,293,524,1,11,156,229,111,360,471,233,59,59,130,114,743,255,4,24.6630136986301,PF,6-9,12.6969584876945
Giannis Antetokounmpo,Mil,0,12.0957228289992,3,4,3,3,4,1166.48,397,737,49,175,216,331,76,451,527,213,40,35,146,117,1059,242,8,27.2657534246575,PF,6-11,12.1390513903867
Luka Dončić,Dal,0,10.8754456918534,4,4,5,4,2,1191.16,350,755,111,342,232,308,51,289,340,332,39,9,155,74,1043,230,3,23.0465753424658,PG,6-7,12.1359005446541
Rudy Gobert,Uta,0,12.2083707603127,5,5,4,3,3,1390.43,240,346,0,0,154,246,145,405,550,60,27,81,70,110,634,258,8,29.7205479452055,C,7-1,11.7253663945191
Bradley Beal,Was,0,10.7984124051521,5,5,5,4,4,1406.24,406,879,113,327,261,310,33,133,166,251,49,17,130,88,1186,207,9,28.7178082191781,SG,6-3,10.602157267377
Damian Lillard,Por,0,12.223984945834,2,8,2,4,4,1449.48,350,786,141,364,247,274,21,153,174,319,44,13,107,63,1088,195,9,31.6739726027397,PG,6-2,10.4314864589385
LeBron James,LAL,0,12.0121246122306,8,5,4,3,0,1311.09,353,715,71,217,143,203,34,266,300,421,50,17,160,69,920,250,18,37.2164383561644,PG,6-9,10.1669736857948
Jayson Tatum,Bos,0,11.2982715429956,5,3,3,5,1,1298.66,321,707,102,263,128,167,37,245,282,104,54,38,82,72,872,210,4,24.0356164383562,PF,6-8,9.79841742606834
Nikola Jokić,Den,0,11.8807494879442,5,6,2,3,5,1391.64,337,641,44,142,136,170,101,352,453,295,47,28,132,118,854,284,6,27.0739726027397,C,7-0,9.63036465823889
Andre Drummond,Det,0,12.6375323456093,4,5,7,3,3,1168.07,258,508,1,16,106,170,163,406,569,102,67,57,129,123,623,279,9,28.5068493150685,C,6-10,9.51107932283497
Trae Young,Atl,0,8.0684667890154,6,4,3,4,4,1259.43,313,716,124,350,261,305,13,136,149,338,37,3,171,59,1011,180,3,23.4904109589041,PG,6-1,9.48506160807116
Ben Simmons,Phi,0,9.78725761034772,6,2,3,5,3,1235.99,242,404,1,3,112,177,74,199,273,271,76,22,121,108,597,240,4,25.6082191780822,PG,6-10,9.41300264238456
Zach LaVine,Chi,0,9.48510042708825,3,2,3,4,5,1331.5,342,752,115,295,174,208,25,162,187,169,58,18,124,80,973,200,7,26.9917808219178,SG,6-6,8.64841694169081
Jrue Holiday,Nor,0,11.3013823833642,4,4,3,4,2,1301.46,286,637,84,231,80,102,43,144,187,245,66,31,114,86,736,205,12,31.758904109589,SG,6-3,7.97599784425529
Jarrett Allen,Bkn,0,8.1782681102628,7,4,4,5,4,1090.52,182,277,0,3,101,159,129,284,413,61,26,61,45,103,465,243,4,23.9013698630137,C,6-11,7.83894907817223
Devin Booker,Pho,0,6.07129850900184,4,3,5,5,2,1379.8,354,711,82,223,248,277,15,156,171,261,30,7,146,111,1038,206,6,25.3753424657534,SG,6-5,7.81186189304738
Mitchell Robinson,NYK,0,8.2429301358715,5,2,4,2,4,866.35,157,211,0,0,45,83,111,158,269,23,32,76,21,108,359,240,3,23.958904109589,C,7-0,7.66992549513518
Donovan Mitchell,Uta,0,7.80065537615737,5,5,4,3,3,1376.86,338,753,106,272,162,186,19,156,175,180,49,10,106,101,944,215,4,25.5178082191781,SG,6-1,7.45854602573681
Domantas Sabonis,Ind,0,7.53968553921859,4,5,3,2,3,1438.24,304,572,11,40,129,179,127,396,523,200,34,21,124,122,748,240,5,25.8684931506849,PF,6-11,7.19811905525238
Devonte' Graham,Cha,0,9.95286445550638,2,3,3,3,5,1491.95,241,637,141,389,122,149,21,123,144,332,48,13,135,68,745,195,3,27.0657534246575,PG,6-1,6.99402821197687
DeMar DeRozan,SAS,0,6.14827265605119,5,3,2,5,3,1390.11,346,636,7,18,220,261,26,205,231,210,44,12,103,108,919,220,12,32.6109589041096,SF,6-6,6.88438695766767
Myles Turner,Ind,0,9.24555250168023,4,5,3,2,3,1136.46,167,368,45,147,72,97,47,201,248,43,33,73,46,101,451,250,6,25.9780821917808,C,6-11,6.76059858394536
Brook Lopez,Mil,0,11.9815551628819,3,4,3,3,4,1087.12,182,400,65,197,67,83,32,169,201,60,28,96,44,94,496,282,13,33.9561643835616,C,7-0,6.66821254733678
Steven Adams,OKC,0,8.05092548357601,2,4,2,4,6,1033.8,175,306,1,3,77,134,129,232,361,99,37,53,55,68,428,265,8,28.6520547945206,C,6-11,6.66808129744404
Pascal Siakam,Tor,0,8.81482769735909,4,3,2,4,5,1321.45,321,690,88,234,144,180,36,236,272,135,35,35,97,103,874,230,5,27.9534246575343,PF,6-9,6.31075075690861
Fred VanVleet,Tor,0,7.76183256477496,4,3,2,4,5,1155.56,181,457,84,226,92,109,12,111,123,220,64,8,73,67,538,197,5,28.0164383561644,SG,6-1,5.52082419819864
Spencer Dinwiddie,Bkn,0,7.47533037281059,7,4,4,5,4,1313.69,284,696,84,274,217,278,17,127,144,296,29,13,104,113,869,215,7,28.9452054794521,PG,6-5,5.43979117967421
Jonas Valančiūnas,Mem,0,7.02681796578494,5,4,3,5,4,1037.54,263,445,26,60,72,96,118,330,448,64,19,49,69,99,624,265,9,29.8630136986301,C,6-11,5.41327382238874
CJ McCollum,Por,0,8.08793385408063,2,8,2,4,4,1419.84,364,793,115,299,79,101,28,126,154,176,32,24,71,105,922,190,8,30.4931506849315,SG,6-3,5.39691415186001
Karl-Anthony Towns,Min,0,6.54170974389276,5,4,4,6,5,804.52,227,441,81,194,114,147,63,194,257,113,24,35,76,85,649,248,6,26.254794520548,C,6-11,5.33968501191495
Nikola Vučević,Orl,0,8.05069407454188,4,5,3,3,4,1158.84,264,591,49,162,77,98,78,317,395,138,32,28,51,67,654,260,10,31.3972602739726,C,6-11,5.26748917227976
Khris Middleton,Mil,0,5.46504878024719,3,4,3,3,4,1110.69,287,587,94,226,119,129,25,209,234,139,37,3,70,80,787,222,9,30.5917808219178,SF,6-7,5.19856559959734
OG Anunoby,Tor,0,6.36159718641584,4,3,2,4,5,1257.62,189,363,61,150,32,46,53,175,228,67,53,26,48,109,471,232,4,24.6602739726027,SF,6-7,4.92991959271287
Miles Bridges,Cha,0,5.80080150701405,2,3,3,3,5,1383.14,242,562,80,230,72,90,66,197,263,78,29,29,63,90,636,225,3,23.9890410958904,SF,6-6,4.891104321992
Kyle Lowry,Tor,0,8.98367428423858,4,3,2,4,5,1237.8,206,495,105,287,172,199,21,151,172,249,49,15,99,103,689,196,15,35.9808219178082,PG,6-0,4.74470233581285
Montrezl Harrell,LAC,0,3.49943603089413,6,5,3,4,2,1026.44,263,487,0,13,140,197,93,168,261,56,19,38,65,91,666,240,6,28.1369863013699,C,6-7,4.73928326093577
Evan Fournier,Orl,0,4.93385647803277,4,5,3,3,4,1244.26,265,569,100,250,120,143,11,91,102,111,43,9,68,84,750,205,9,29.3643835616438,SF,6-7,4.72441649544141
Jamal Murray,Den,0,4.3365039708289,5,6,2,3,5,1137.93,256,543,78,198,87,95,23,102,125,164,36,11,80,64,677,215,5,25.0602739726027,PG,6-4,4.62572459160925
LaMarcus Aldridge,SAS,0,8.7396783249197,5,3,2,5,3,1218.05,270,568,46,132,104,129,69,205,274,98,23,58,51,91,690,250,15,36.6657534246575,C,6-11,4.61447993974541
John Collins,Atl,0,3.73860860702701,6,4,3,4,4,806.07,225,382,38,95,71,85,56,180,236,34,24,33,41,69,559,235,4,24.4794520547945,PF,6-9,4.6123354138041
Aaron Gordon,Orl,0,6.02998723231814,4,5,3,3,4,1231.18,207,484,43,144,83,123,63,208,271,142,35,26,63,73,540,235,7,26.4986301369863,PF,6-8,4.51702854310792
Will Barton,Den,0,5.81413542127782,5,6,2,3,5,1192.1,228,489,75,187,67,85,54,185,239,140,37,15,56,69,598,181,9,31.1972602739726,SF,6-5,4.44144374657706
Tobias Harris,Phi,0,7.34044951671914,6,2,3,5,3,1487.67,335,722,80,230,96,117,35,260,295,129,32,22,68,100,846,226,10,29.6739726027397,PF,6-8,4.43815111925235
Donte DiVincenzo,Mil,0,4.3699888516473,3,4,3,3,4,864.96,141,299,53,146,33,47,36,140,176,92,53,13,42,63,368,203,3,25.1150684931507,SG,6-4,4.42078523456566
Joel Embiid,Phi,0,4.64440377264611,6,2,3,5,3,813.29,195,430,35,106,200,240,70,251,321,76,21,33,90,92,625,280,5,28.0054794520548,C,7-0,4.35711130461946
Buddy Hield,Sac,0,7.57307300543395,4,6,3,7,3,1334.92,299,692,158,398,60,70,37,165,202,136,40,14,96,86,816,220,5,29.241095890411,SG,6-4,4.33265500983341
Kelly Oubre,Pho,0,5.60383433927698,4,3,5,5,2,1198.34,225,509,61,182,97,128,46,161,207,55,47,21,46,118,608,203,6,26.227397260274,SF,6-7,4.30737170563642
Marcus Smart,Bos,0,7.42295536814396,5,3,3,5,1,1154.03,154,431,85,251,69,83,30,103,133,166,58,18,58,98,462,220,7,28.0301369863014,SG,6-3,4.25803748982934
Mikal Bridges,Pho,0,4.32902700926202,4,3,5,5,2,1039.01,134,244,35,90,57,67,32,124,156,83,50,22,41,94,360,209,3,25.5424657534247,SF,6-6,4.22203864902543
Dejounte Murray,SAS,0,5.75732084076414,5,3,2,5,3,983.59,173,370,20,58,50,61,35,178,213,163,67,8,61,89,416,180,4,25.4821917808219,PG,6-4,4.21293523207633
Jaylen Brown,Bos,0,3.6107733254996,5,3,3,5,1,1161.04,249,526,79,197,94,133,36,184,220,77,37,9,79,103,671,223,5,25.372602739726,SG,6-6,4.15022090330548
Collin Sexton,Cle,0,2.13768413610564,7,5,2,4,3,1337.79,322,696,62,161,122,147,41,92,133,114,34,3,97,78,828,190,3,23.1945205479452,PG,6-1,3.8272217702373
Jaren Jackson,Mem,0,6.53884383319495,5,4,3,5,4,959.78,214,460,84,215,65,86,33,138,171,54,21,55,59,140,577,242,3,22.4493150684932,C,6-11,3.78946372951991
Tim Hardaway,Dal,0,4.01071485383388,4,4,5,4,2,1251.4,249,559,137,327,81,100,16,131,147,89,27,3,46,62,716,205,8,30.0054794520548,SG,6-5,3.77550253254268
Ivica Zubac,LAC,0,2.69473452282297,6,5,3,4,2,809.14,148,244,0,2,85,111,120,212,332,51,9,39,38,89,381,240,5,24.9945205479452,C,7-0,3.64451749746278
Andrew Wiggins,Min,0,3.47755727848421,5,4,4,6,5,1018.69,247,552,61,181,113,156,32,116,148,112,18,28,75,67,668,197,7,26.9671232876712,SF,6-7,3.6094369164063
De'Aaron Fox,Sac,0,3.25013515284038,4,6,3,7,3,866.97,190,415,24,91,114,170,14,86,100,193,43,13,93,83,518,185,4,24.2301369863014,PG,6-3,3.59260135345391
Terrence Ross,Orl,0,4.61646458113409,4,5,3,3,4,1082.72,190,463,106,273,86,103,9,119,128,50,40,17,46,54,572,206,9,31.1123287671233,SG,6-6,3.56832641772876
Eric Bledsoe,Mil,0,4.81387501176363,3,4,3,3,4,1022.12,221,465,52,148,102,126,24,141,165,208,33,19,97,83,596,214,11,32.2657534246575,PG,6-1,3.52005354543428
Troy Brown,Was,0,1.98663798726241,5,5,5,4,4,906.86,145,320,30,92,66,85,38,153,191,97,43,3,44,61,386,215,3,22.6328767123288,SF,6-6,3.43700722276058
Bruce Brown,Det,0,4.93565574499597,4,5,7,3,3,1119.5,133,301,19,59,50,75,50,138,188,161,50,22,65,114,335,202,3,25.5780821917808,PG,6-4,3.30798288257481
Derrick White,SAS,0,3.4898853897618,5,3,2,5,3,932.44,131,299,34,98,102,117,15,101,116,127,24,32,46,74,398,190,4,27.7068493150685,SG,6-4,3.24042864106385
JaVale McGee,LAL,0,5.1871724283077,8,5,4,3,0,696.17,129,194,2,4,27,44,76,163,239,26,22,66,34,99,287,270,13,34.1616438356164,C,7-0,3.17385754807625
Nerlens Noel,OKC,0,4.48012301165951,2,4,2,4,6,641.47,119,169,1,3,47,64,55,118,173,32,40,49,36,88,286,220,7,27.9287671232877,C,6-10,3.13521292839348
Jakob Poeltl,SAS,0,3.24790506399585,5,3,2,5,3,630.9,98,152,0,0,23,53,72,129,201,67,23,47,31,60,219,245,5,26.3917808219178,C,7-1,3.13049878227913
Derrick Jones,Mia,0,2.54096440506427,4,6,4,4,3,858.53,110,218,21,86,60,81,42,109,151,39,36,27,21,88,301,210,5,25.0821917808219,SF,6-6,3.05672809774424
Norman Powell,Tor,0,2.63835108003618,4,3,2,4,5,898.95,184,366,68,168,79,91,19,101,120,51,37,15,48,60,515,215,6,28.8082191780822,SG,6-3,3.02484075275337
Kevin Love,Cle,0,4.22666457966117,7,5,2,4,3,1131.33,213,474,89,247,129,153,34,334,368,104,18,12,89,58,644,251,13,33.5260273972603,PF,6-8,2.82406074694733
Josh Okogie,Min,0,2.63919172092027,5,4,4,6,5,1052.23,117,268,29,107,110,143,60,125,185,68,44,16,62,94,373,213,3,23.5369863013699,SG,6-4,2.66612704982895
Kevin Huerter,Atl,0,3.59634105613108,6,4,3,4,4,1046.12,147,378,73,211,33,41,21,111,132,143,30,19,55,79,400,190,3,23.5534246575343,SG,6-7,2.65366531646554
Duncan Robinson,Mia,0,5.01654285520536,4,6,4,4,3,1340.11,203,437,168,383,26,28,7,149,156,67,25,13,39,122,600,215,3,27.9041095890411,SG,6-7,2.56611787230308
Gordon Hayward,Bos,0,1.80824845313211,5,3,3,5,1,995.57,205,402,41,122,67,79,26,166,192,127,23,11,61,56,518,225,11,31.986301369863,SF,6-7,2.50532500281004
Tristan Thompson,Cle,0,3.00518824512241,7,5,2,4,3,1092.03,201,381,5,14,66,106,151,217,368,75,18,28,58,75,473,254,10,31.0082191780822,PF,6-9,2.35508436335162
Maxi Kleber,Dal,0,5.37473056333734,4,4,5,4,2,1109.58,152,318,74,188,44,51,70,169,239,52,12,49,33,108,422,240,4,30.1342465753425,PF,6-10,2.26662925780286
Cody Zeller,Cha,0,3.0423090666921,2,3,3,3,5,907.84,173,337,17,60,87,120,114,176,290,70,30,20,47,94,450,240,8,29.4493150684932,C,7-0,2.14843226563245
Monte Morris,Den,0,1.88938869054075,5,6,2,3,5,867.79,139,311,35,96,38,46,14,54,68,142,37,9,30,46,351,183,4,26.7232876712329,PG,6-2,2.04367385130405
Lou Williams,LAC,0,2.39108342811609,6,5,3,4,2,1035.35,213,521,56,173,155,182,15,90,105,202,26,5,93,44,637,175,16,35.386301369863,PG,6-1,2.04100833646074
Harrison Barnes,Sac,0,2.71276229776091,4,6,3,7,3,1440.08,211,465,60,161,128,156,36,165,201,101,27,6,50,56,610,225,9,29.7917808219178,PF,6-8,1.99487433793547
Kentavious Caldwell-Pope,LAL,0,0.864925242733748,8,5,4,3,0,1016.48,139,298,55,144,47,59,30,52,82,67,33,9,32,66,380,204,8,29.0739726027397,SG,6-5,1.94350812019478
Dennis Schröder,OKC,0,1.62833648841835,2,4,2,4,6,1147.9,267,568,78,195,100,123,10,116,126,141,22,6,98,78,712,172,8,28.4958904109589,SG,6-1,1.93255250739075
Dorian Finney-Smith,Dal,0,4.15322105155281,4,4,5,4,2,1312.62,156,318,68,175,53,74,79,163,242,67,29,25,48,115,433,220,5,28.8684931506849,PF,6-7,1.8750930484024
Deandre Ayton,Pho,0,-0.0339390575933305,4,3,5,5,2,593.47,171,304,0,1,36,46,85,145,230,38,11,29,45,55,378,250,3,23.627397260274,C,6-11,1.83098846258222
Lauri Markkanen,Chi,0,1.92231937475918,3,2,3,4,5,924.2,169,391,64,199,71,86,37,153,190,44,27,14,44,52,473,240,4,24.8164383561644,PF,7-0,1.78639006697696
Gary Harris,Den,0,2.53447283442718,5,6,2,3,5,1150.38,145,355,43,143,51,64,13,88,101,71,50,11,41,74,384,210,7,27.5068493150685,SG,6-4,1.77534257744761
Joe Ingles,Uta,0,5.17266703608301,5,5,4,3,3,1206.28,155,338,88,216,39,51,13,139,152,224,42,5,69,87,437,220,7,34.4575342465753,PF,6-7,1.65371430061716
Joe Harris,Bkn,0,3.19386729251565,7,4,4,5,4,1289.73,234,503,108,263,30,38,44,139,183,90,26,9,58,82,606,220,7,30.5287671232877,SF,6-6,1.61149283418362
Daniel Theis,Bos,0,4.27701777267477,5,3,3,5,1,968.43,150,274,15,55,55,74,95,183,278,63,23,40,32,143,370,245,4,29.9506849315069,C,6-8,1.55363551442858
Cedi Osman,Cle,0,2.18539601721099,7,5,2,4,3,1189.12,168,384,75,201,38,56,24,135,159,102,32,9,63,94,449,230,4,26.9397260273973,SF,6-7,1.55310077494426
Langston Galloway,Det,0,2.00390183926632,4,5,7,3,3,1089.92,162,367,92,226,49,53,23,75,98,68,29,7,24,71,465,200,7,30.2739726027397,SG,6-1,1.51345876054494
Royce O'Neale,Uta,0,3.53840783172178,5,5,4,3,3,1222.57,86,205,52,138,19,24,11,216,227,118,26,23,33,113,243,226,4,28.7780821917808,SF,6-4,1.39105797873144
Danuel House,Hou,0,3.25421365697076,4,5,1,8,3,1040.14,121,287,66,188,41,52,27,113,140,49,38,22,34,73,349,220,5,28.7753424657534,SF,6-6,1.38110444113771
Sviatoslav Mykhailiuk,Det,0,0.129254799024721,4,5,7,3,3,900.72,119,299,82,211,43,49,9,58,67,77,31,2,49,55,363,205,3,24.7671232876712,SF,6-7,1.37593068296336
Seth Curry,Dal,0,1.44049701260942,4,4,5,4,2,992.29,185,385,98,217,55,64,18,75,93,78,27,4,45,72,523,185,7,31.5561643835616,SG,6-2,1.36346777432341
Nemanja Bjelica,Sac,0,6.430527238955,4,6,3,7,3,1198.02,207,431,81,198,46,53,82,198,280,118,43,19,68,120,541,234,6,33.8520547945206,PF,6-10,1.24381853497811
Draymond Green,GSW,0,4.40560994412312,5,4,5,4,4,794.85,82,205,24,81,33,47,16,157,173,189,43,23,64,69,221,230,9,32.0054794520548,PF,6-6,1.19577868209623
Furkan Korkmaz,Phi,0,0.694796535552481,6,2,3,5,3,914.28,138,337,75,198,35,45,11,83,94,51,25,11,30,60,386,202,4,24.6465753424658,SG,6-7,1.17217884148129
Thomas Bryant,Was,0,-0.737629187307074,5,5,5,4,4,596.14,119,207,17,40,48,59,45,128,173,54,11,19,28,46,303,248,4,24.6246575342466,C,6-10,1.09292016567427
Caris LeVert,Bkn,0,0.132296777371146,7,4,4,5,4,702.08,157,382,47,124,79,108,23,73,96,93,28,5,53,45,440,205,5,27.558904109589,SG,6-6,1.08361726258719
Larry Nance,Cle,0,1.69034406579207,7,5,2,4,3,867.11,124,237,30,88,26,37,57,177,234,71,31,14,37,60,304,245,6,29.2054794520548,PF,6-7,1.00138990822898
Aaron Holiday,Ind,0,0.661906838682653,4,5,3,2,3,918.89,131,328,55,141,37,45,13,69,82,133,22,12,53,72,354,185,3,25.4575342465753,PG,6-0,0.918512199289784
Alex Caruso,LAL,0,-0.341841932856659,8,5,4,3,0,596.34,62,149,24,63,36,46,8,60,68,51,37,12,27,52,184,186,4,28.041095890411,PG,6-5,0.840345790277311
Bryn Forbes,SAS,0,1.13117521271423,5,3,2,5,3,1063.2,164,391,106,259,47,58,8,78,86,80,25,0,32,68,481,205,5,28.6493150684932,SG,6-2,0.668579774608248
Dillon Brooks,Mem,0,3.43985364968808,5,4,3,5,4,1134.33,216,547,78,211,74,96,39,92,131,77,42,13,70,142,584,225,4,26.1479452054795,SG,6-7,0.64238215071416
Gary Trent,Por,0,-1.41476517792473,2,8,2,4,4,637.71,103,233,45,131,21,26,11,36,47,27,22,11,12,43,272,209,3,23.1561643835616,SF,6-5,0.640016478080527
Serge Ibaka,Tor,0,2.08656780282227,4,3,2,4,5,890.81,216,417,48,108,58,76,75,209,284,45,10,29,65,86,538,235,12,32.4931506849315,C,7-0,0.567247431933189
Kyle Kuzma,LAL,0,-0.683582764405679,8,5,4,3,0,827.74,166,381,44,142,58,80,28,117,145,41,16,14,51,63,434,221,4,26.6465753424658,PF,6-8,0.459051309642777
Malik Monk,Cha,0,-1.34419274637437,2,3,3,3,5,795.01,140,334,43,147,48,58,17,87,104,72,17,10,57,50,371,200,4,24.0712328767123,SG,6-3,0.450564819361879
Frank Ntilikina,NYK,0,-0.335066818253021,5,2,4,2,4,704.96,83,197,30,79,34,42,16,56,72,94,31,10,40,80,230,200,4,23.6356164383562,PG,6-4,0.446061999097101
Bismack Biyombo,Cha,0,0.0397653385717876,2,3,3,3,5,728.06,114,209,0,0,60,101,93,133,226,37,7,33,35,74,288,255,10,29.5534246575343,C,6-8,0.253882543634069
Bogdan Bogdanović,Sac,0,1.85256552850487,4,6,3,7,3,934.87,159,386,79,227,38,47,12,102,114,113,28,9,53,72,435,220,4,29.572602739726,SG,6-6,0.217136418766216
Michael Carter-Williams,Orl,0,-0.586025534305545,4,5,3,3,4,495.48,73,158,13,43,42,47,23,56,79,61,35,13,36,46,201,190,8,30.4356164383562,SG,6-5,0.146328623591145
Kevin Knox,NYK,0,-1.82601710809506,5,2,4,2,4,715.46,82,236,39,116,38,61,18,99,117,39,12,12,23,64,241,215,3,22.5972602739726,SF,6-7,0.128792968083198
Pat Connaughton,Mil,0,-0.83667942321877,3,4,3,3,4,705.43,68,159,25,83,18,24,39,118,157,52,17,19,33,36,179,209,6,29.1890410958904,SG,6-5,0.0613244542877993
Patty Mills,SAS,0,1.71690611004483,5,3,2,5,3,947.9,168,388,96,258,66,77,14,50,64,64,34,3,32,70,498,180,12,33.6,PG,6-1,0.039833867578448
Damion Lee,GSW,0,0.284313848236636,5,4,5,4,4,840.17,125,311,48,150,47,56,22,122,144,84,29,2,33,61,345,210,4,29.4027397260274,SG,6-5,0.00795555690401617
Gorgui Dieng,Min,0,2.452991626472,5,4,4,6,5,553.02,96,205,37,89,42,52,45,136,181,43,27,31,32,63,271,252,8,32.0684931506849,C,6-10,-0.014072542892718
Jeff Teague,Atl,0,1.4356521083638,6,4,3,4,4,908.57,128,311,28,80,92,106,14,78,92,192,29,11,77,74,376,195,12,33.772602739726,PG,6-3,-0.104675084362313
Thon Maker,Det,0,-1.36049117029104,4,5,7,3,3,480.85,62,138,15,47,48,67,36,65,101,23,16,25,28,68,187,221,5,25.0547945205479,C,7-0,-0.268778937925369
Jalen Brunson,Dal,0,-2.44055104315144,4,4,5,4,2,645.3,113,246,24,71,40,53,16,69,85,123,10,3,38,51,290,190,3,25.4931506849315,PG,6-1,-0.353047300831677
Goran Dragić,Mia,0,0.577224265161654,4,6,4,4,3,998.56,182,437,66,196,115,151,17,96,113,174,15,4,89,70,545,190,13,35.8712328767123,PG,6-3,-0.361921349767438
D.J. Augustin,Orl,0,-0.643556384210936,4,5,3,3,4,722.31,106,261,42,115,96,107,8,51,59,131,22,1,41,33,350,183,13,34.3534246575343,PG,5-11,-0.376443873313539
Anfernee Simons,Por,0,-1.57671111467852,2,8,2,4,4,905.03,141,340,49,143,41,50,15,79,94,70,17,5,44,81,372,181,3,22.7616438356164,SG,6-3,-0.420395807321884
Malik Beasley,Den,0,-2.54859783092309,5,6,2,3,5,507.8,82,196,42,104,23,25,5,42,47,28,24,4,24,31,229,187,5,25.2054794520548,SG,6-4,-0.431348905310601
Robert Williams,Bos,0,-2.93093316897336,5,3,3,5,1,211.59,31,42,0,0,11,21,21,53,74,18,16,21,17,27,73,237,3,24.3945205479452,C,6-8,-0.447181099142976
Patrick Beverley,LAC,0,1.77349014021022,6,5,3,4,2,786.14,100,232,56,142,16,24,33,130,163,114,32,10,45,84,272,180,9,33.6821917808219,PG,6-1,-0.474876086149612
Rajon Rondo,LAL,0,-0.26012336749378,8,5,4,3,0,655.91,98,231,28,84,17,24,16,89,105,166,31,1,59,36,241,180,15,36.0684931506849,PG,6-1,-0.581264997878642
George Hill,Mil,0,-0.00467332963517985,3,4,3,3,4,737.68,117,232,51,107,41,47,32,75,107,99,27,2,32,50,326,188,13,35.8684931506849,PG,6-3,-0.672239375308992
Shake Milton,Phi,0,-2.97069959106273,6,2,3,5,3,439.85,86,167,40,83,33,41,7,43,50,51,14,5,26,51,245,205,3,25.4712328767123,SG,6-5,-0.697949881505196
Brad Wanamaker,Bos,0,-0.0821517655145341,5,3,3,5,1,722.2,82,191,21,53,67,72,12,64,76,97,40,4,42,71,252,210,3,32.6465753424658,PG,6-3,-0.707777227464341
Austin Rivers,Hou,0,0.299931973902855,4,5,1,8,3,899.1,115,275,54,152,37,58,18,74,92,64,31,7,28,75,321,200,9,29.6246575342466,SG,6-3,-0.91323990724097
Lonnie Walker,SAS,0,-3.40130448611868,5,3,2,5,3,470.53,62,153,12,38,22,31,12,59,71,29,18,8,19,41,158,204,3,23.241095890411,SG,6-5,-0.921602924882607
Landry Shamet,LAC,0,-2.57206493899195,6,5,3,4,2,804.18,87,210,61,160,38,40,2,52,54,47,8,7,23,75,273,190,3,25.0082191780822,SG,6-4,-1.06337898643412
Mason Plumlee,Den,0,-0.516585664664925,5,6,2,3,5,495.61,75,127,0,2,34,64,47,112,159,68,22,22,42,74,184,254,8,32.0383561643836,C,6-11,-1.15179477830995
Doug McDermott,Ind,0,-1.7673392157684,4,5,3,2,3,756.01,153,292,85,171,27,30,9,77,86,44,7,3,25,63,418,225,7,30.186301369863,PF,6-7,-1.16689648084003
Rudy Gay,SAS,0,1.0039406200154,5,3,2,5,3,871.16,147,341,40,126,60,68,37,182,219,70,17,19,54,56,394,250,15,35.586301369863,PF,6-8,-1.21052787804843
Chris Boucher,Tor,0,-1.22521032483563,4,3,2,4,5,374.98,62,134,14,51,34,50,48,79,127,11,9,30,14,47,172,200,4,29.1753424657534,C,6-9,-1.22247743105954
Wesley Iwundu,Orl,0,-3.50547345564131,4,5,3,3,4,537.4,58,138,15,50,39,49,15,59,74,30,15,6,13,44,170,195,4,27.2383561643836,SF,6-6,-1.27922463045382
Sterling Brown,Mil,0,-3.6514279594854,3,4,3,3,4,415.51,53,145,21,69,22,27,22,88,110,27,13,5,19,26,149,219,4,27.0931506849315,SF,6-5,-1.3756293182628
Edmond Sumner,Ind,0,-4.86197645727938,4,5,3,2,3,264.79,40,90,8,34,8,13,9,20,29,29,12,7,15,26,96,196,4,26.2082191780822,SG,6-4,-1.51674068520959
Tony Bradley,Uta,0,-3.68302834897412,5,5,4,3,3,306.3,54,80,1,1,16,25,46,76,122,11,6,17,13,63,125,248,4,24.1808219178082,C,6-10,-1.54794338812254
Kelly Olynyk,Mia,0,0.000413230730110209,4,6,4,4,3,677.73,95,203,49,121,29,37,26,133,159,63,25,9,37,91,268,240,8,30.9068493150685,C,6-11,-1.54915497593843
Paul Millsap,Den,0,1.13342512622445,5,6,2,3,5,736.29,122,257,31,73,67,79,47,112,159,51,29,19,42,82,342,257,15,37.1041095890411,PF,6-7,-1.55004633539799
Patrick McCaw,Tor,0,-3.2772405309077,4,3,2,4,5,573.49,46,103,14,44,4,8,12,43,55,51,22,4,14,37,110,181,5,26.3890410958904,SF,6-7,-1.55363406452496
Elie Okobo,Pho,0,-4.05200760437727,4,3,5,5,2,438.14,43,115,14,43,25,34,10,49,59,63,13,3,21,36,125,190,3,24.3945205479452,PG,6-3,-1.67310469299482
Dennis Smith,NYK,0,-4.17190828901692,5,2,4,2,4,327.86,47,137,9,32,17,33,14,32,46,58,21,2,35,39,120,205,4,24.2712328767123,PG,6-2,-1.68264172928953
E'Twaun Moore,Nor,0,-2.28863102997256,4,4,3,4,2,587.93,106,246,35,94,17,24,17,53,70,48,16,9,25,40,264,191,10,33.0520547945205,SG,6-3,-1.69593858553709
Damyean Dotson,NYK,0,-4.09756529495215,5,2,4,2,4,435.32,61,149,29,84,13,18,6,52,58,30,11,3,10,31,164,210,4,27.8219178082192,SG,6-5,-1.71819523622604
James Ennis,Phi,0,-2.7568412813385,6,2,3,5,3,445.1,54,117,19,56,36,44,29,59,88,27,15,12,17,44,163,215,7,31.613698630137,SF,6-6,-1.82075506552582
P.J. Tucker,Hou,0,4.77403140571568,4,5,1,8,3,1360.5,92,217,53,149,28,33,59,212,271,67,46,21,40,129,265,245,10,36.8712328767123,PF,6-5,-1.8279552638838
Frank Jackson,Nor,0,-4.76244591563692,4,4,3,4,2,396.55,60,160,20,75,36,44,12,31,43,26,13,3,30,38,176,205,3,23.8602739726027,PG,6-3,-1.8493120205906
Abdel Nader,OKC,0,-3.23836096677052,2,4,2,4,6,485.46,60,133,24,63,35,43,10,47,57,22,14,13,27,46,179,225,4,28.4684931506849,SF,6-5,-1.94654727620716
Jahlil Okafor,Nor,0,-4.36383523215523,4,4,3,4,2,326.89,63,106,1,1,20,36,37,59,96,32,3,15,27,51,147,270,6,26.213698630137,C,6-10,-2.1102029064549
Terrance Ferguson,OKC,0,-2.58588010989612,2,4,2,4,6,752.9,51,135,28,99,15,19,13,35,48,29,20,11,14,86,145,190,4,23.8246575342466,SF,6-6,-2.1394537408778
Allonzo Trier,NYK,0,-6.31219379709227,5,2,4,2,4,169.36,34,71,13,34,24,31,2,15,17,15,3,3,13,17,105,200,3,26.1287671232877,SG,6-4,-2.1918164495114
Keita Bates-Diop,Min,0,-3.440247340388,5,4,4,6,5,417.6,51,125,18,60,33,49,12,57,69,19,11,11,7,18,153,229,3,26.0465753424658,PF,6-8,-2.23268719893845
Jacob Evans,GSW,0,-4.94793497372444,5,4,5,4,4,290.33,32,102,9,28,22,25,9,24,33,22,8,9,12,30,95,210,3,24.6493150684932,SG,6-4,-2.25489839450053
Dwayne Bacon,Cha,0,-4.39860690448519,2,3,3,3,5,500.07,60,170,12,46,26,36,13,65,78,33,16,1,25,37,158,221,4,26.4712328767123,SG,6-6,-2.315222033759
Harry Giles,Sac,0,-3.70950943928466,4,6,3,7,3,363.14,69,125,0,0,21,29,17,78,95,36,14,8,17,56,159,240,3,23.8931506849315,C,6-11,-2.32854240334938
Ian Mahinmi,Was,0,-0.526662005264405,5,5,5,4,4,527.2,60,140,2,16,48,72,52,103,155,30,23,24,29,72,170,262,13,35.3369863013699,C,6-11,-2.33276458703644
Justin Jackson,Dal,0,-3.60554686635015,4,4,5,4,2,539.76,70,181,27,92,23,28,15,66,81,25,9,7,10,35,190,220,4,26.972602739726,PF,6-7,-2.35867484194961
Eric Gordon,Hou,0,-2.03576566093958,4,5,1,8,3,602.19,105,272,60,177,58,79,5,42,47,35,15,7,28,43,328,215,13,33.227397260274,SF,6-3,-2.40174876808321
Torrey Craig,Den,0,-1.84688259282263,5,6,2,3,5,588.43,60,141,29,87,6,11,29,80,109,24,14,18,15,79,155,221,4,31.2465753424658,SF,6-7,-2.44923403991947
Khem Birch,Orl,0,-3.55233357804607,4,5,3,3,4,524.22,40,81,0,0,30,47,49,74,123,22,8,15,15,49,110,233,4,29.4602739726027,C,6-9,-2.53287667318963
Ryan Arcidiacono,Chi,0,-3.33146974233712,3,2,3,4,5,535.9,57,128,33,80,12,18,7,52,59,52,18,2,23,51,159,195,4,27.958904109589,PG,6-3,-2.56602682501733
Victor Oladipo,Ind,0,-5.96613858037615,4,5,3,2,3,202.93,37,96,10,37,18,24,3,18,21,25,9,1,18,9,102,213,8,29.8684931506849,SG,6-4,-2.63290060612776
JaMychal Green,LAC,0,-1.30099259128538,6,5,3,4,2,627.21,75,160,46,108,14,21,42,146,188,26,14,11,24,84,210,227,7,31.7397260273973,PF,6-8,-2.65462680268031
Dewayne Dedmon,Atl,0,-0.399016759730331,6,4,3,4,4,544.53,73,181,18,79,26,31,46,138,184,18,21,24,35,86,190,245,8,32.6,C,7-0,-2.66236569814095
Jerome Robinson,LAC,0,-5.82142782194321,6,5,3,4,2,282.44,27,83,9,39,3,9,3,32,35,28,5,6,18,36,66,190,3,24.9561643835616,SG,6-4,-2.78782713390897
Shaquille Harrison,Chi,0,-4.85426526956793,3,2,3,4,5,230.62,34,75,9,23,16,20,12,29,41,17,14,5,12,30,93,190,4,28.4438356164384,SG,6-7,-2.80485882328558
Marc Gasol,Tor,0,0.640408089817029,4,3,2,4,5,722.21,74,186,37,101,20,25,17,143,160,83,19,21,34,73,205,255,13,37.1287671232877,C,6-11,-2.8208863526213
Hamidou Diallo,OKC,0,-5.40243484419043,2,4,2,4,6,388.31,54,118,4,15,13,22,16,49,65,12,11,4,21,52,125,202,3,23.6191780821918,SF,6-5,-2.84088665951644
Willy Hernangómez,Cha,0,-5.28804467834459,2,3,3,3,5,226.64,47,83,2,13,24,40,27,60,87,19,7,5,19,24,120,250,5,27.7972602739726,C,6-11,-2.84711066752869
Zhaire Smith,Phi,0,-7.60548942288973,6,2,3,5,3,21.86,1,6,0,1,1,2,0,1,1,2,3,0,1,2,3,205,3,22.6904109589041,SF,6-3,-2.8971490748446
Otto Porter,Chi,0,-4.89671449219915,3,2,3,4,5,225.75,35,96,13,41,11,16,12,27,39,16,12,5,8,21,94,198,8,28.786301369863,SF,6-8,-2.89778989543815
Georges Niang,Uta,0,-4.16759097608239,5,5,4,3,3,470.37,78,167,48,115,14,16,9,56,65,22,5,4,19,44,218,230,5,28.7452054794521,PF,6-7,-3.02898023142025
Semi Ojeleye,Bos,0,-4.61176301639916,5,3,3,5,1,526.16,42,94,24,61,5,8,11,55,66,21,11,2,8,35,113,240,4,27.2794520547945,PF,6-6,-3.09015429976937
T.J. Leaf,Ind,0,-6.55900950604695,4,5,3,2,3,112.73,16,38,3,6,6,10,13,27,40,4,5,2,4,14,41,222,4,24.8602739726027,PF,6-10,-3.12545503108925
Matthew Dellavedova,Cle,0,-3.71601180960556,7,5,2,4,3,482.24,41,116,15,59,30,35,10,37,47,107,14,2,37,45,127,200,8,31.5232876712329,PG,6-3,-3.14790456046346
Khyri Thomas,Det,0,-7.54393304757109,4,5,7,3,3,47.31,5,15,5,12,1,2,1,0,1,2,2,0,2,9,16,210,3,25.8575342465753,SG,6-3,-3.28678258039256
Denzel Valentine,Chi,0,-4.98203902738946,3,2,3,4,5,240.97,44,116,17,66,1,3,2,32,34,17,13,3,9,32,106,220,4,28.3315068493151,SF,6-4,-3.29043197671111
Ersan İlyasova,Mil,0,-2.35705688730131,3,4,3,3,4,562.31,84,185,28,82,40,49,38,136,174,29,13,6,24,60,236,235,13,34.841095890411,PF,6-9,-3.29186371759982
Ante Žižić,Cle,0,-6.67606387512783,7,5,2,4,3,135.41,29,47,0,0,10,12,10,30,40,3,4,2,5,22,68,266,4,25.186301369863,C,6-10,-3.46279372344929
Kevon Looney,GSW,0,-5.95316088874589,5,4,5,4,4,154.72,21,49,0,6,8,10,19,22,41,13,7,5,7,18,50,222,6,26.0794520547945,C,6-9,-3.51041902595241
Marvin Williams,Cha,0,-1.83713192100253,2,3,3,3,5,536.52,59,140,29,81,22,29,10,64,74,29,19,14,11,55,169,237,16,35.6493150684932,PF,6-8,-3.53736662994347
Yogi Ferrell,Sac,0,-5.28180606558965,4,6,3,7,3,307.41,48,117,11,46,16,19,6,29,35,38,9,2,15,13,123,178,5,28.8465753424658,PG,6-0,-3.53888696683269
Ryan Broekhoff,Dal,0,-6.35952322664625,4,4,5,4,2,121.72,13,40,12,37,5,5,5,29,34,8,4,2,3,9,43,215,3,31.4821917808219,SF,6-6,-3.64039648025942
Kadeem Allen,NYK,0,-6.9451610326627,5,2,4,2,4,93.58,13,32,3,10,6,10,1,7,8,18,4,1,7,6,35,200,4,29.0630136986301,PG,6-1,-3.64931782389898
Mike Scott,Phi,0,-2.10097596405539,6,2,3,5,3,741.91,90,217,51,141,19,23,41,117,158,32,12,3,16,60,250,237,9,33.6630136986301,PF,6-7,-3.67179629131901
Theo Pinson,Bkn,0,-6.20628040362573,7,4,4,5,4,198.64,26,95,6,46,11,11,8,24,32,34,8,1,24,20,69,212,3,26.3315068493151,SG,6-5,-3.68917061779063
Isaiah Hartenstein,Hou,0,-6.06569196851406,4,5,1,8,3,164.08,26,40,0,4,9,12,15,40,55,14,6,4,11,25,61,249,3,23.7753424657534,C,7-0,-3.73295644772548
Rodions Kurucs,Bkn,0,-5.43547627247019,7,4,4,5,4,277,33,81,11,36,9,14,13,51,64,22,11,2,22,42,86,228,3,24.0876712328767,PF,6-9,-3.78637036582633
Yuta Watanabe,Mem,0,-7.0843036130146,5,4,3,5,4,70.84,9,24,3,7,2,4,4,7,11,4,4,1,1,7,23,215,3,27.413698630137,SF,6-8,-3.79041696527177
Reggie Jackson,Det,0,-5.85933375279073,4,5,7,3,3,221.43,41,107,18,47,10,13,6,18,24,45,3,1,15,14,110,208,10,31.8465753424658,PG,6-3,-3.81612999375477
Jarred Vanderbilt,Den,0,-7.63605662215923,5,6,2,3,5,30.95,4,6,0,0,0,0,2,3,5,1,2,1,4,4,8,214,3,22.8493150684932,PF,6-9,-3.8659903807808
Juan Hernangómez,Den,0,-6.12938075535942,5,6,2,3,5,245.13,25,68,14,41,11,14,12,38,50,15,2,3,10,16,75,214,5,26.3698630136986,PF,6-9,-3.86702798699023
Drew Eubanks,SAS,0,-7.00606101212346,5,3,2,5,3,90.46,13,19,0,0,6,7,7,18,25,3,2,4,7,15,32,245,3,25.1178082191781,C,6-9,-3.89064302977438
Chimezie Metu,SAS,0,-7.54562092693539,5,3,2,5,3,46.88,14,21,0,1,2,2,3,10,13,2,1,1,4,3,30,225,3,24.9397260273973,C,6-9,-3.97429424342462
Tyler Johnson,Pho,0,-6.12505477621496,4,3,5,5,2,250.98,27,81,10,40,10,14,5,20,25,28,2,4,9,17,74,186,7,29.758904109589,PG,6-3,-3.98137637535598
Marco Belinelli,SAS,0,-4.55824069678232,5,3,2,5,3,459.86,65,165,31,85,12,17,2,50,52,39,6,1,7,19,173,220,14,35.9835616438356,SG,6-5,-3.9872562243299
Deonte Burton,OKC,0,-6.59358443173939,2,4,2,4,6,162.96,21,63,5,29,3,5,4,28,32,9,4,3,9,14,50,240,3,28.1123287671233,SF,6-4,-4.0611784718458
Johnathan Motley,LAC,0,-7.62217728450687,6,5,3,4,2,30.26,9,13,1,1,5,7,3,6,9,5,1,0,4,3,24,230,4,26.7972602739726,PF,6-8,-4.16018205860994
Caleb Swanigan,Por,0,-6.66931612728969,2,8,2,4,4,162.11,18,32,0,2,4,8,15,42,57,17,2,5,22,32,40,260,4,24.9095890410959,PF,6-9,-4.2061445096445
D.J. Wilson,Mil,0,-6.78327095427895,3,4,3,3,4,158.27,19,55,7,33,3,5,5,38,43,15,1,2,11,17,48,231,4,26.0684931506849,PF,6-10,-4.20912956397347
Dusty Hannahs,Mem,0,-7.82507200876897,5,4,3,5,4,12.86,4,9,2,3,2,2,0,1,1,0,0,0,0,1,12,210,3,28.5013698630137,SG,6-3,-4.41073953148977
Courtney Lee,Dal,0,-5.75564108258114,4,4,5,4,2,203.85,18,46,7,24,4,5,3,14,17,6,12,4,6,19,47,215,13,36.4602739726027,SG,6-5,-4.48560434454819
Malcolm Miller,Tor,0,-7.75556331855979,4,3,2,4,5,35.81,0,7,0,6,0,4,0,6,6,2,0,1,1,4,0,210,4,29.0054794520548,SF,6-7,-4.51188286600861
Amile Jefferson,Orl,0,-7.28058076359119,4,5,3,3,4,44.65,2,8,0,0,4,10,5,10,15,2,1,3,1,2,8,222,3,28.7671232876712,PF,6-9,-4.55562442519847
Cristiano Felício,Chi,0,-6.55420092969079,3,2,3,4,5,219.38,20,31,0,2,9,12,34,29,63,11,5,1,12,22,49,270,6,29.6767123287671,C,6-10,-4.72983077598199
Stephen Curry,GSW,0,-6.68287873432068,5,4,5,4,4,86.62,22,51,8,28,14,14,3,10,13,21,4,0,8,8,66,185,12,33.9972602739726,PG,6-3,-4.91422349254578
James Johnson,Mia,0,-5.35219114715453,4,6,4,4,3,207.52,28,61,12,31,5,8,6,31,37,12,6,9,11,24,73,240,12,34.9698630136986,PF,6-7,-5.02781656721317
J.J. Barea,Dal,0,-6.13657690086283,4,4,5,4,2,195.12,42,99,16,42,6,7,5,18,23,52,1,1,19,10,106,180,15,37.7232876712329,PG,5-10,-5.08018335874287
Anthony Tolliver,Sac,0,-4.27334269181212,4,6,3,7,3,435.41,24,86,20,71,12,17,17,67,84,23,7,10,16,35,80,240,13,36.7232876712329,PF,6-8,-5.93425648221518
Vince Carter,Atl,0,-2.16597007451754,6,4,3,4,4,547.3,69,197,43,134,14,19,11,66,77,28,16,13,25,53,195,220,23,45.1506849315069,PF,6-6,-6.24628333582598
